name,img_url,store,price
Monster Mango 500ml,https://api.cenoteka.rs/uploads/cache/product_small/uploads/2023/11/monster-mango-500ml-6555979e023d6.jpeg,univerexport,"129,99"
Monster Mango 500ml,https://api.cenoteka.rs/uploads/cache/product_small/uploads/2023/11/monster-mango-500ml-6555979e023d6.jpeg,tempo,"129,99"
Monster Mango 500ml,https://api.cenoteka.rs/uploads/cache/product_small/uploads/2023/11/monster-mango-500ml-6555979e023d6.jpeg,maxi,"129,99"
Monster Mango 500ml,https://api.cenoteka.rs/uploads/cache/product_small/uploads/2023/11/monster-mango-500ml-6555979e023d6.jpeg,dis,"159,99"
Monster Mango 500ml,https://api.cenoteka.rs/uploads/cache/product_small/uploads/2023/11/monster-mango-500ml-6555979e023d6.jpeg,idea,"169,99"
Monster Mango 500ml,https://api.cenoteka.rs/uploads/cache/product_small/uploads/2023/11/monster-mango-500ml-6555979e023d6.jpeg,roda,"169,99"
Monster Energy 500ml,https://api.cenoteka.rs/uploads/cache/product_small/uploads/2023/11/monster-energy-500ml-656520c685994.jpeg,tempo,"129,99"
Monster Energy 500ml,https://api.cenoteka.rs/uploads/cache/product_small/uploads/2023/11/monster-energy-500ml-656520c685994.jpeg,maxi,"129,99"
Monster Energy 500ml,https://api.cenoteka.rs/uploads/cache/product_small/uploads/2023/11/monster-energy-500ml-656520c685994.jpeg,univerexport,"129,99"
Monster Energy 500ml,https://api.cenoteka.rs/uploads/cache/product_small/uploads/2023/11/monster-energy-500ml-656520c685994.jpeg,dis,"159,99"
Monster Energy 500ml,https://api.cenoteka.rs/uploads/cache/product_small/uploads/2023/11/monster-energy-500ml-656520c685994.jpeg,idea,"169,99"
Monster Energy 500ml,https://api.cenoteka.rs/uploads/cache/product_small/uploads/2023/11/monster-energy-500ml-656520c685994.jpeg,roda,"169,99"
Monster White 500ml,https://api.cenoteka.rs/uploads/cache/product_small/uploads/2023/11/monster-white-500ml-65558dc444db1.jpeg,univerexport,"129,99"
Monster White 500ml,https://api.cenoteka.rs/uploads/cache/product_small/uploads/2023/11/monster-white-500ml-65558dc444db1.jpeg,maxi,"129,99"
Monster White 500ml,https://api.cenoteka.rs/uploads/cache/product_small/uploads/2023/11/monster-white-500ml-65558dc444db1.jpeg,tempo,"129,99"
Monster White 500ml,https://api.cenoteka.rs/uploads/cache/product_small/uploads/2023/11/monster-white-500ml-65558dc444db1.jpeg,dis,"159,99"
Monster White 500ml,https://api.cenoteka.rs/uploads/cache/product_small/uploads/2023/11/monster-white-500ml-65558dc444db1.jpeg,idea,"169,99"
Monster White 500ml,https://api.cenoteka.rs/uploads/cache/product_small/uploads/2023/11/monster-white-500ml-65558dc444db1.jpeg,roda,"169,99"
Monster Doctor 0.5l,https://api.cenoteka.rs/uploads/cache/product_small/uploads/2023/11/monster-doctor-0-5l-655576b41d7b2.jpeg,univerexport,"129,99"
Monster Doctor 0.5l,https://api.cenoteka.rs/uploads/cache/product_small/uploads/2023/11/monster-doctor-0-5l-655576b41d7b2.jpeg,dis,"159,99"
Monster Doctor 0.5l,https://api.cenoteka.rs/uploads/cache/product_small/uploads/2023/11/monster-doctor-0-5l-655576b41d7b2.jpeg,idea,"169,99"
Monster Doctor 0.5l,https://api.cenoteka.rs/uploads/cache/product_small/uploads/2023/11/monster-doctor-0-5l-655576b41d7b2.jpeg,roda,"169,99"
MONSTER Hamilton 500ml,https://api.cenoteka.rs/uploads/cache/product_small/uploads/2023/12/monster-hamilton-500ml-657f26185fd70.png,idea,"169,99"
MONSTER Hamilton 500ml,https://api.cenoteka.rs/uploads/cache/product_small/uploads/2023/12/monster-hamilton-500ml-657f26185fd70.png,roda,"169,99"
